calories,carbs,category_x,fat,nutrition,protein,rating,reviewCount,source,title,url,category_x.1,category_x.2,category_y,category_x.1.1,category_y.1,category_y.2,category_y.1.1,category
56,3,Appetizers,4.0,"{'@type': 'NutritionInformation', 'calories': ' 56 calories', 'fatContent': '4g fat (1g saturated fat)', 'cholesterolContent': '0 cholesterol', 'sodiumContent': '101mg sodium', 'carbohydrateContent': '3g carbohydrate (1g sugars', 'fiberContent': '0 fiber)', 'proteinContent': '2g protein. <b>Diabetic Exchanges</b>: 1 fat.'}",2,5.0,1.0,taste_of_home,Cashew Cheese,https://www.tasteofhome.com/recipes/cashew-cheese/,,,,,,,,
100,10,,6.0,"{'@type': 'NutritionInformation', 'calories': ' 100 calories', 'fatContent': '6g fat (4g saturated fat)', 'cholesterolContent': '13mg cholesterol', 'sodiumContent': '83mg sodium', 'carbohydrateContent': '10g carbohydrate (6g sugars', 'fiberContent': '1g fiber)', 'proteinContent': '1g protein. '}",1,5.0,5.0,taste_of_home,Best Coconut Pecan Cookies,https://www.tasteofhome.com/recipes/best-coconut-pecan-cookies/,,,,,,,,Desserts
494,72,,22.0,"{'@type': 'NutritionInformation', 'calories': ' 494 calories', 'fatContent': '22g fat (11g saturated fat)', 'cholesterolContent': '74mg cholesterol', 'sodiumContent': '258mg sodium', 'carbohydrateContent': '72g carbohydrate (51g sugars', 'fiberContent': '3g fiber)', 'proteinContent': '8g protein. '}",8,5.0,3.0,taste_of_home,Oatmeal Chocolate Chip Cake,https://www.tasteofhome.com/recipes/oatmeal-chocolate-chip-cake/,,,,,,,,Desserts
99,11,,6.0,"{'@type': 'NutritionInformation', 'calories': ' 99 calories', 'fatContent': '6g fat (1g saturated fat)', 'cholesterolContent': '8mg cholesterol', 'sodiumContent': '48mg sodium', 'carbohydrateContent': '11g carbohydrate (10g sugars', 'fiberContent': '1g fiber)', 'proteinContent': '3g protein.'}",3,4.5084743,59.0,taste_of_home,Flourless Peanut Butter Cookies,https://www.tasteofhome.com/recipes/flourless-peanut-butter-cookies/,,,,,,,,Desserts
125,15,,7.0,"{'@type': 'NutritionInformation', 'calories': ' 125 calories', 'fatContent': '7g fat (3g saturated fat)', 'cholesterolContent': '19mg cholesterol', 'sodiumContent': '103mg sodium', 'carbohydrateContent': '15g carbohydrate (9g sugars', 'fiberContent': '0 fiber)', 'proteinContent': '2g protein. '}",2,4.787879,33.0,taste_of_home,Crisp Peanut Butter Cookies,https://www.tasteofhome.com/recipes/crisp-peanut-butter-cookies/,,,,,,,,Desserts
236,33,,11.0,"{'@type': 'NutritionInformation', 'calories': ' 236 calories', 'fatContent': '11g fat (7g saturated fat)', 'cholesterolContent': '33mg cholesterol', 'sodiumContent': '91mg sodium', 'carbohydrateContent': '33g carbohydrate (23g sugars', 'fiberContent': '0 fiber)', 'proteinContent': '2g protein.'}",2,5.0,1.0,taste_of_home,Hanukkah Cookies,https://www.tasteofhome.com/recipes/hanukkah-cookies/,,,,,,,,Desserts
190,36,,4.0,"{'@type': 'NutritionInformation', 'calories': ' 190 calories', 'fatContent': '4g fat (0 saturated fat)', 'cholesterolContent': '30mg cholesterol', 'sodiumContent': '105mg sodium', 'carbohydrateContent': '36g carbohydrate (25g sugars', 'fiberContent': '1g fiber)', 'proteinContent': '4g protein. '}",4,5.0,6.0,taste_of_home,German Spice Cookies,https://www.tasteofhome.com/recipes/german-spice-cookies/,,,,,,,,Desserts
248,5,,21.0,"{'@type': 'NutritionInformation', 'calories': ' 248 calories', 'fatContent': '21g fat (12g saturated fat)', 'cholesterolContent': '99mg cholesterol', 'sodiumContent': '438mg sodium', 'carbohydrateContent': '5g carbohydrate (1g sugars', 'fiberContent': '0 fiber)', 'proteinContent': '9g protein. '}",9,5.0,7.0,taste_of_home,Savory BLT Cheesecake,https://www.tasteofhome.com/recipes/savory-blt-cheesecake/,,,,,,,,Appetizers
201,28,,9.0,"{'@type': 'NutritionInformation', 'calories': ' 201 calories', 'fatContent': '9g fat (2g saturated fat)', 'cholesterolContent': '14mg cholesterol', 'sodiumContent': '90mg sodium', 'carbohydrateContent': '28g carbohydrate (20g sugars', 'fiberContent': '1g fiber)', 'proteinContent': '2g protein. '}",2,4.6923075,26.0,taste_of_home,Oatmeal Sandwich Cookies,https://www.tasteofhome.com/recipes/oatmeal-sandwich-cookies/,,,,,,,,Desserts
78,13,,2.0,"{'@type': 'NutritionInformation', 'calories': ' 78 calories', 'fatContent': '2g fat (2g saturated fat)', 'cholesterolContent': '9mg cholesterol', 'sodiumContent': '64mg sodium', 'carbohydrateContent': '13g carbohydrate (7g sugars', 'fiberContent': '0 fiber)', 'proteinContent': '1g protein. '}",1,5.0,4.0,taste_of_home,Gingerbread Cookie Cutouts,https://www.tasteofhome.com/recipes/gingerbread-cookie-cutouts/,,,,,,,,Desserts
198,19,,13.0,"{'@type': 'NutritionInformation', 'calories': ' 198 calories', 'fatContent': '13g fat (7g saturated fat)', 'cholesterolContent': '53mg cholesterol', 'sodiumContent': '141mg sodium', 'carbohydrateContent': '19g carbohydrate (14g sugars', 'fiberContent': '0 fiber)', 'proteinContent': '3g protein. '}",3,4.866667,30.0,taste_of_home,Jam-Topped Mini Cheesecakes,https://www.tasteofhome.com/recipes/jam-topped-mini-cheesecakes/,,,,,,,,Desserts
473,68,,22.0,"{'@type': 'NutritionInformation', 'calories': ' 473 calories', 'fatContent': '22g fat (12g saturated fat)', 'cholesterolContent': '37mg cholesterol', 'sodiumContent': '675mg sodium', 'carbohydrateContent': '68g carbohydrate (41g sugars', 'fiberContent': '0 fiber)', 'proteinContent': '4g protein.'}",4,5.0,3.0,taste_of_home,Slow-Cooker Monkey Bread,https://www.tasteofhome.com/recipes/slow-cooker-monkey-bread/,,,,,,,,Snacks
614,60,,30.0,"{'@type': 'NutritionInformation', 'calories': ' 614 calories', 'fatContent': '30g fat (9g saturated fat)', 'cholesterolContent': '57mg cholesterol', 'sodiumContent': '1706mg sodium', 'carbohydrateContent': '60g carbohydrate (7g sugars', 'fiberContent': '5g fiber)', 'proteinContent': '23g protein. '}",23,4.5740743,54.0,taste_of_home,Chicken Potpie Soup,https://www.tasteofhome.com/recipes/chicken-potpie-soup/,,,,,,,,"Dinner,Lunch"
85,10,,5.0,"{'@type': 'NutritionInformation', 'calories': ' 85 calories', 'fatContent': '5g fat (3g saturated fat)', 'cholesterolContent': '10mg cholesterol', 'sodiumContent': '51mg sodium', 'carbohydrateContent': '10g carbohydrate (5g sugars', 'fiberContent': '0 fiber)', 'proteinContent': '1g protein. '}",1,4.0,40.0,taste_of_home,Cherry Kiss Cookies,https://www.tasteofhome.com/recipes/cherry-kiss-cookies/,,,,,,,,Desserts
187,12,,13.0,"{'@type': 'NutritionInformation', 'calories': ' 187 calories', 'fatContent': '13g fat (8g saturated fat)', 'cholesterolContent': '34mg cholesterol', 'sodiumContent': '231mg sodium', 'carbohydrateContent': '12g carbohydrate (1g sugars', 'fiberContent': '1g fiber)', 'proteinContent': '6g protein. '}",6,5.0,4.0,taste_of_home,Swiss Cheese Bread,https://www.tasteofhome.com/recipes/swiss-cheese-bread/,,,,,,,,Appetizers
143,23,,6.0,"{'@type': 'NutritionInformation', 'calories': ' 143 calories', 'fatContent': '6g fat (3g saturated fat)', 'cholesterolContent': '27mg cholesterol', 'sodiumContent': '170mg sodium', 'carbohydrateContent': '23g carbohydrate (15g sugars', 'fiberContent': '1g fiber)', 'proteinContent': '2g protein. '}",2,5.0,5.0,taste_of_home,Chocolate Caramel Kiss Cookies,https://www.tasteofhome.com/recipes/chocolate-caramel-kiss-cookies/,,,,,,,,Desserts
593,72,,33.0,"{'@type': 'NutritionInformation', 'calories': ' 593 calories', 'fatContent': '33g fat (21g saturated fat)', 'cholesterolContent': '107mg cholesterol', 'sodiumContent': '432mg sodium', 'carbohydrateContent': '72g carbohydrate (53g sugars', 'fiberContent': '4g fiber)', 'proteinContent': '5g protein.'}",5,5.0,1.0,taste_of_home,Layered Yellow Cake with Chocolate Buttercream,https://www.tasteofhome.com/recipes/layered-yellow-cake-with-chocolate-buttercream/,,,,,,,,Desserts
123,12,,8.0,"{'@type': 'NutritionInformation', 'calories': ' 123 calories', 'fatContent': '8g fat (5g saturated fat)', 'cholesterolContent': '20mg cholesterol', 'sodiumContent': '62mg sodium', 'carbohydrateContent': '12g carbohydrate (5g sugars', 'fiberContent': '0 fiber)', 'proteinContent': '1g protein.'}",1,5.0,1.0,taste_of_home,Air-Fryer Scottish Shortbread,https://www.tasteofhome.com/recipes/air-fryer-scottish-shortbread/,,,,,,,,Desserts
74,11,,3.0,"{'@type': 'NutritionInformation', 'calories': ' 74 calories', 'fatContent': '3g fat (1g saturated fat)', 'cholesterolContent': '3mg cholesterol', 'sodiumContent': '62mg sodium', 'carbohydrateContent': '11g carbohydrate (5g sugars', 'fiberContent': '0 fiber)', 'proteinContent': '1g protein.'}",1,4.75,16.0,taste_of_home,Apple Pie Tartlets,https://www.tasteofhome.com/recipes/apple-pie-tartlets/,,,,,,,,Appetizers
157,24,,3.0,"{'@type': 'NutritionInformation', 'calories': ' 157 calories', 'fatContent': '3g fat (1g saturated fat)', 'cholesterolContent': '18mg cholesterol', 'sodiumContent': '464mg sodium', 'carbohydrateContent': '24g carbohydrate (8g sugars', 'fiberContent': '2g fiber)', 'proteinContent': '8g protein.  <B><b>Diabetic Exchanges</b>: </B>1-1/2 starch'}",8,5.0,1.0,taste_of_home,Sausage Cornbread Dressing,https://www.tasteofhome.com/recipes/sausage-cornbread-dressing/,,,,,,,,Side Dishes
467,58,,25.0,"{'@type': 'NutritionInformation', 'calories': ' 467 calories', 'fatContent': '25g fat (15g saturated fat)', 'cholesterolContent': '64mg cholesterol', 'sodiumContent': '331mg sodium', 'carbohydrateContent': '58g carbohydrate (26g sugars', 'fiberContent': '2g fiber)', 'proteinContent': '5g protein.'}",5,4.5159817,219.0,taste_of_home,Apple Pie,https://www.tasteofhome.com/recipes/apple-pie/,,,,,,,,Desserts
525,73,,25.0,"{'@type': 'NutritionInformation', 'calories': ' 525 calories', 'fatContent': '25g fat (10g saturated fat)', 'cholesterolContent': '25mg cholesterol', 'sodiumContent': '325mg sodium', 'carbohydrateContent': '73g carbohydrate (41g sugars', 'fiberContent': '2g fiber)', 'proteinContent': '5g protein. '}",5,5.0,4.0,taste_of_home,Maple-Glazed Apple Pie,https://www.tasteofhome.com/recipes/maple-glazed-apple-pie/,,,,,,,,Desserts
615,86,,28.0,"{'@type': 'NutritionInformation', 'calories': ' 615 calories', 'fatContent': '28g fat (8g saturated fat)', 'cholesterolContent': '8mg cholesterol', 'sodiumContent': '318mg sodium', 'carbohydrateContent': '86g carbohydrate (46g sugars', 'fiberContent': '5g fiber)', 'proteinContent': '6g protein. '}",6,4.8461537,13.0,taste_of_home,Berry-Apple-Rhubarb Pie,https://www.tasteofhome.com/recipes/berry-apple-rhubarb-pie/,,,,,,,,Desserts
251,33,,12.0,"{'@type': 'NutritionInformation', 'calories': ' 251 calories', 'fatContent': '12g fat (4g saturated fat)', 'cholesterolContent': '36mg cholesterol', 'sodiumContent': '188mg sodium', 'carbohydrateContent': '33g carbohydrate (22g sugars', 'fiberContent': '1g fiber)', 'proteinContent': '3g protein. '}",3,4.76,25.0,taste_of_home,Apple Coffee Cake,https://www.tasteofhome.com/recipes/apple-coffee-cake/,,,,,,,,"Breakfast,Brunch"
248,38,,9.0,"{'@type': 'NutritionInformation', 'calories': ' 248 calories', 'fatContent': '9g fat (4g saturated fat)', 'cholesterolContent': '31mg cholesterol', 'sodiumContent': '218mg sodium', 'carbohydrateContent': '38g carbohydrate (19g sugars', 'fiberContent': '1g fiber)', 'proteinContent': '4g protein. '}",4,4.9333334,15.0,taste_of_home,Apple Pull-Apart Bread,https://www.tasteofhome.com/recipes/apple-pull-apart-bread/,,,,,,,,"Breakfast,Brunch,Desserts"
245,41,,8.0,"{'@type': 'NutritionInformation', 'calories': ' 245 calories', 'fatContent': '8g fat (4g saturated fat)', 'cholesterolContent': '33mg cholesterol', 'sodiumContent': '219mg sodium', 'carbohydrateContent': '41g carbohydrate (26g sugars', 'fiberContent': '1g fiber)', 'proteinContent': '4g protein. '}",4,4.642857,70.0,taste_of_home,Caramel Apple Muffins,https://www.tasteofhome.com/recipes/caramel-apple-muffins/,,,,,,,,
399,52,,20.0,"{'@type': 'NutritionInformation', 'calories': ' 399 calories', 'fatContent': '20g fat (8g saturated fat)', 'cholesterolContent': '68mg cholesterol', 'sodiumContent': '332mg sodium', 'carbohydrateContent': '52g carbohydrate (32g sugars', 'fiberContent': '3g fiber)', 'proteinContent': '5g protein. '}",5,5.0,5.0,taste_of_home,Sweet Potato Dessert Squares,https://www.tasteofhome.com/recipes/sweet-potato-dessert-squares/,,,,,,,,Desserts
383,30,,24.0,"{'@type': 'NutritionInformation', 'calories': ' 383 calories', 'fatContent': '24g fat (8g saturated fat)', 'cholesterolContent': '39mg cholesterol', 'sodiumContent': '839mg sodium', 'carbohydrateContent': '30g carbohydrate (9g sugars', 'fiberContent': '5g fiber)', 'proteinContent': '12g protein. '}",12,4.8510637,47.0,taste_of_home,Chili Cornbread Salad,https://www.tasteofhome.com/recipes/chili-cornbread-salad/,,,,,,,,"Lunch,Side Dishes"
227,32,,10.0,"{'@type': 'NutritionInformation', 'calories': ' 227 calories', 'fatContent': '10g fat (5g saturated fat)', 'cholesterolContent': '46mg cholesterol', 'sodiumContent': '66mg sodium', 'carbohydrateContent': '32g carbohydrate (21g sugars', 'fiberContent': '1g fiber)', 'proteinContent': '3g protein.'}",3,4.888889,18.0,taste_of_home,Cranberry Christmas Cake,https://www.tasteofhome.com/recipes/tart-cranberry-cake/,,,,,,,,Desserts
195,43,,1.0,"{'@type': 'NutritionInformation', 'calories': ' 195 calories', 'fatContent': '1g fat (0 saturated fat)', 'cholesterolContent': '2mg cholesterol', 'sodiumContent': '64mg sodium', 'carbohydrateContent': '43g carbohydrate (34g sugars', 'fiberContent': '1g fiber)', 'proteinContent': '4g protein. '}",4,5.0,5.0,taste_of_home,Chocolate Angel Food Cake with Chocolate Icing,https://www.tasteofhome.com/recipes/chocolate-angel-food-cake-with-chocolate-icing/,,,,,,,,Desserts
519,47,,36.0,"{'@type': 'NutritionInformation', 'calories': ' 519 calories', 'fatContent': '36g fat (8g saturated fat)', 'cholesterolContent': '67mg cholesterol', 'sodiumContent': '276mg sodium', 'carbohydrateContent': '47g carbohydrate (32g sugars', 'fiberContent': '1g fiber)', 'proteinContent': '5g protein. '}",5,4.8333335,12.0,taste_of_home,Billie's Southern Sweet Potato Cake,https://www.tasteofhome.com/recipes/billie-s-southern-sweet-potato-cake/,,,,,,,,Desserts
633,70,,31.0,"{'@type': 'NutritionInformation', 'calories': ' 633 calories', 'fatContent': '31g fat (8g saturated fat)', 'cholesterolContent': '96mg cholesterol', 'sodiumContent': '709mg sodium', 'carbohydrateContent': '70g carbohydrate (31g sugars', 'fiberContent': '4g fiber)', 'proteinContent': '18g protein. '}",18,5.0,2.0,taste_of_home,Apple Pie Ricotta Waffles,https://www.tasteofhome.com/recipes/apple-pie-ricotta-waffles/,,,,,,,,"Breakfast,Brunch"
446,55,,26.0,"{'@type': 'NutritionInformation', 'calories': ' 446 calories', 'fatContent': '26g fat (13g saturated fat)', 'cholesterolContent': '93mg cholesterol', 'sodiumContent': '313mg sodium', 'carbohydrateContent': '55g carbohydrate (42g sugars', 'fiberContent': '1g fiber)', 'proteinContent': '8g protein. '}",8,4.9142857,35.0,taste_of_home,Caramel Apple Cheesecake,https://www.tasteofhome.com/recipes/caramel-apple-cheesecake/,,,,,,,,Desserts
434,52,,12.0,"{'@type': 'NutritionInformation', 'calories': ' 434 calories', 'fatContent': '12g fat (5g saturated fat)', 'cholesterolContent': '44mg cholesterol', 'sodiumContent': '1218mg sodium', 'carbohydrateContent': '52g carbohydrate (12g sugars', 'fiberContent': '5g fiber)', 'proteinContent': '21g protein. '}",21,5.0,1.0,taste_of_home,Santa Fe Chicken Pizza Pie,https://www.tasteofhome.com/recipes/santa-fe-chicken-pizza-pie/,,,,,,,,Dinner
516,49,,25.0,"{'@type': 'NutritionInformation', 'calories': ' 516 calories', 'fatContent': '25g fat (13g saturated fat)', 'cholesterolContent': '90mg cholesterol', 'sodiumContent': '1337mg sodium', 'carbohydrateContent': '49g carbohydrate (10g sugars', 'fiberContent': '5g fiber)', 'proteinContent': '24g protein. '}",24,4.709677,31.0,taste_of_home,Spicy Shepherd's Pie,https://www.tasteofhome.com/recipes/spicy-shepherd-s-pie/,,,,,,,,Dinner
432,27,,25.0,"{'@type': 'NutritionInformation', 'calories': ' 432 calories', 'fatContent': '25g fat (10g saturated fat)', 'cholesterolContent': '103mg cholesterol', 'sodiumContent': '926mg sodium', 'carbohydrateContent': '27g carbohydrate (5g sugars', 'fiberContent': '1g fiber)', 'proteinContent': '24g protein. '}",24,5.0,2.0,taste_of_home,Sausage Bread Sandwiches,https://www.tasteofhome.com/recipes/sausage-bread-sandwiches/,,,,,,,,Lunch
218,41,,5.0,"{'@type': 'NutritionInformation', 'calories': ' 218 calories', 'fatContent': '5g fat (3g saturated fat)', 'cholesterolContent': '31mg cholesterol', 'sodiumContent': '203mg sodium', 'carbohydrateContent': '41g carbohydrate (30g sugars', 'fiberContent': '1g fiber)', 'proteinContent': '2g protein.'}",2,4.6923075,65.0,taste_of_home,Oatmeal Cake with Caramel Icing,https://www.tasteofhome.com/recipes/oatmeal-cake-with-caramel-icing/,,,,,,,,Desserts
392,32,,20.0,"{'@type': 'NutritionInformation', 'calories': ' 392 calories', 'fatContent': '20g fat (9g saturated fat)', 'cholesterolContent': '70mg cholesterol', 'sodiumContent': '636mg sodium', 'carbohydrateContent': '32g carbohydrate (6g sugars', 'fiberContent': '4g fiber)', 'proteinContent': '20g protein.'}",20,4.5,36.0,taste_of_home,Best Shepherd's Pie,https://www.tasteofhome.com/recipes/best-shepherd-s-pie/,,,,,,,,Dinner
344,50,,15.0,"{'@type': 'NutritionInformation', 'calories': ' 344 calories', 'fatContent': '15g fat (6g saturated fat)', 'cholesterolContent': '59mg cholesterol', 'sodiumContent': '234mg sodium', 'carbohydrateContent': '50g carbohydrate (33g sugars', 'fiberContent': '2g fiber)', 'proteinContent': '5g protein. '}",5,4.8333335,12.0,taste_of_home,Pumpkin Cheese Coffee Cake,https://www.tasteofhome.com/recipes/pumpkin-cheese-coffee-cake/,,,,,,,,
333,37,,20.0,"{'@type': 'NutritionInformation', 'calories': ' 333 calories', 'fatContent': '20g fat (8g saturated fat)', 'cholesterolContent': '52mg cholesterol', 'sodiumContent': '225mg sodium', 'carbohydrateContent': '37g carbohydrate (26g sugars', 'fiberContent': '2g fiber)', 'proteinContent': '3g protein. '}",3,4.8,10.0,taste_of_home,Raspberry Brownie Dessert,https://www.tasteofhome.com/recipes/raspberry-brownie-dessert/,,,,,,,,Desserts
232,37,,8.0,"{'@type': 'NutritionInformation', 'calories': ' 232 calories', 'fatContent': '8g fat (6g saturated fat)', 'cholesterolContent': '33mg cholesterol', 'sodiumContent': '246mg sodium', 'carbohydrateContent': '37g carbohydrate (21g sugars', 'fiberContent': '1g fiber)', 'proteinContent': '4g protein. '}",4,4.894737,19.0,taste_of_home,Burst o' Lemon Muffins,https://www.tasteofhome.com/recipes/burst-o-lemon-muffins/,,,,,,,,"Breakfast,Brunch"
448,68,,17.0,"{'@type': 'NutritionInformation', 'calories': ' 448 calories', 'fatContent': '17g fat (10g saturated fat)', 'cholesterolContent': '114mg cholesterol', 'sodiumContent': '328mg sodium', 'carbohydrateContent': '68g carbohydrate (42g sugars', 'fiberContent': '1g fiber)', 'proteinContent': '6g protein. '}",6,4.5,34.0,taste_of_home,Blueberry Sour Cream Coffee Cake,https://www.tasteofhome.com/recipes/blueberry-sour-cream-coffee-cake/,,,,,,,,"Breakfast,Brunch,Desserts"
299,42,,13.0,"{'@type': 'NutritionInformation', 'calories': ' 299 calories', 'fatContent': '13g fat (8g saturated fat)', 'cholesterolContent': '54mg cholesterol', 'sodiumContent': '307mg sodium', 'carbohydrateContent': '42g carbohydrate (23g sugars', 'fiberContent': '2g fiber)', 'proteinContent': '4g protein. '}",4,5.0,6.0,taste_of_home,Raspberry Crumble Coffee Cake,https://www.tasteofhome.com/recipes/raspberry-crumble-coffee-cake/,,,,,,,,"Breakfast,Brunch,Desserts"
272,37,,12.0,"{'@type': 'NutritionInformation', 'calories': ' 272 calories', 'fatContent': '12g fat (3g saturated fat)', 'cholesterolContent': '41mg cholesterol', 'sodiumContent': '258mg sodium', 'carbohydrateContent': '37g carbohydrate (18g sugars', 'fiberContent': '1g fiber)', 'proteinContent': '4g protein. '}",4,4.75,28.0,taste_of_home,Lemon-Raspberry Streusel Muffins,https://www.tasteofhome.com/recipes/lemon-raspberry-streusel-muffins/,,,,,,,,"Breakfast,Brunch"
406,47,,24.0,"{'@type': 'NutritionInformation', 'calories': ' 406 calories', 'fatContent': '24g fat (14g saturated fat)', 'cholesterolContent': '54mg cholesterol', 'sodiumContent': '276mg sodium', 'carbohydrateContent': '47g carbohydrate (34g sugars', 'fiberContent': '2g fiber)', 'proteinContent': '5g protein. '}",5,5.0,11.0,taste_of_home,Easy Ice Cream Sundae Dessert,https://www.tasteofhome.com/recipes/easy-ice-cream-sundae-dessert/,,,,,,,,Desserts
610,52,,40.0,"{'@type': 'NutritionInformation', 'calories': ' 610 calories', 'fatContent': '40g fat (23g saturated fat)', 'cholesterolContent': '170mg cholesterol', 'sodiumContent': '259mg sodium', 'carbohydrateContent': '52g carbohydrate (41g sugars', 'fiberContent': '2g fiber)', 'proteinContent': '9g protein. '}",9,5.0,3.0,taste_of_home,Double Chocolate Espresso Cheesecake,https://www.tasteofhome.com/recipes/double-chocolate-espresso-cheesecake/,,,,,,,,Desserts
551,47,,37.0,"{'@type': 'NutritionInformation', 'calories': ' 551 calories', 'fatContent': '37g fat (21g saturated fat)', 'cholesterolContent': '159mg cholesterol', 'sodiumContent': '424mg sodium', 'carbohydrateContent': '47g carbohydrate (37g sugars', 'fiberContent': '1g fiber)', 'proteinContent': '8g protein. '}",8,5.0,3.0,taste_of_home,Vanilla Cheesecake,https://www.tasteofhome.com/recipes/vanilla-cheesecake/,,,,,,,,Desserts
311,32,,15.0,"{'@type': 'NutritionInformation', 'calories': ' 311 calories', 'fatContent': '15g fat (9g saturated fat)', 'cholesterolContent': '93mg cholesterol', 'sodiumContent': '369mg sodium', 'carbohydrateContent': '32g carbohydrate (25g sugars', 'fiberContent': '0 fiber)', 'proteinContent': '11g protein. '}",11,5.0,3.0,taste_of_home,Makeover Traditional Cheesecake,https://www.tasteofhome.com/recipes/makeover-traditional-cheesecake/,,,,,,,,Desserts
197,30,,8.0,"{'@type': 'NutritionInformation', 'calories': ' 197 calories', 'fatContent': '8g fat (1g saturated fat)', 'cholesterolContent': '27mg cholesterol', 'sodiumContent': '128mg sodium', 'carbohydrateContent': '30g carbohydrate (19g sugars', 'fiberContent': '1g fiber)', 'proteinContent': '2g protein. '}",2,4.847826,46.0,taste_of_home,Pumpkin Spice Bread,https://www.tasteofhome.com/recipes/pumpkin-spice-bread/,,,,,,,,Snacks
685,102,,29.0,"{'@type': 'NutritionInformation', 'calories': ' 685 calories', 'fatContent': '29g fat (18g saturated fat)', 'cholesterolContent': '115mg cholesterol', 'sodiumContent': '505mg sodium', 'carbohydrateContent': '102g carbohydrate (81g sugars', 'fiberContent': '3g fiber)', 'proteinContent': '7g protein. '}",7,4.7253885,193.0,taste_of_home,Sandy's Chocolate Cake,https://www.tasteofhome.com/recipes/sandy-s-chocolate-cake/,,,,,,,,Desserts
531,68,,28.0,"{'@type': 'NutritionInformation', 'calories': ' 531 calories', 'fatContent': '28g fat (7g saturated fat)', 'cholesterolContent': '67mg cholesterol', 'sodiumContent': '203mg sodium', 'carbohydrateContent': '68g carbohydrate (54g sugars', 'fiberContent': '1g fiber)', 'proteinContent': '5g protein.'}",5,4.5,50.0,taste_of_home,Old-Fashioned Carrot Cake with Cream Cheese Frosting,https://www.tasteofhome.com/recipes/old-fashioned-carrot-cake-with-cream-cheese-frosting/,,,,,,,,Desserts
169,21,,7.0,"{'@type': 'NutritionInformation', 'calories': ' 169 calories', 'fatContent': '7g fat (2g saturated fat)', 'cholesterolContent': '5mg cholesterol', 'sodiumContent': '487mg sodium', 'carbohydrateContent': '21g carbohydrate (8g sugars', 'fiberContent': '1g fiber)', 'proteinContent': '7g protein.  <B><b>Diabetic Exchanges</b>: </B>1 starch'}",7,5.0,3.0,taste_of_home,Sweet Onion Pie,https://www.tasteofhome.com/recipes/sweet-onion-pie/,,,,,,,,"Breakfast,Brunch,Side Dishes"
539,54,,32.0,"{'@type': 'NutritionInformation', 'calories': ' 539 calories', 'fatContent': '32g fat (14g saturated fat)', 'cholesterolContent': '86mg cholesterol', 'sodiumContent': '366mg sodium', 'carbohydrateContent': '54g carbohydrate (41g sugars', 'fiberContent': '3g fiber)', 'proteinContent': '12g protein. '}",12,4.595238,42.0,taste_of_home,Peanut Butter Cheesecake,https://www.tasteofhome.com/recipes/peanut-butter-cheesecake/,,,,,,,,Desserts
362,49,,17.0,"{'@type': 'NutritionInformation', 'calories': ' 362 calories', 'fatContent': '17g fat (10g saturated fat)', 'cholesterolContent': '77mg cholesterol', 'sodiumContent': '549mg sodium', 'carbohydrateContent': '49g carbohydrate (18g sugars', 'fiberContent': '6g fiber)', 'proteinContent': '8g protein.'}",8,5.0,1.0,taste_of_home,Whole Wheat Strawberry Shortcakes,https://www.tasteofhome.com/recipes/whole-wheat-strawberry-shortcakes/,,,,,,,,Desserts
738,118,,28.0,"{'@type': 'NutritionInformation', 'calories': ' 738 calories', 'fatContent': '28g fat (10g saturated fat)', 'cholesterolContent': '73mg cholesterol', 'sodiumContent': '573mg sodium', 'carbohydrateContent': '118g carbohydrate (91g sugars', 'fiberContent': '2g fiber)', 'proteinContent': '7g protein. '}",7,4.4444447,54.0,taste_of_home,Chocolate Raspberry Cake,https://www.tasteofhome.com/recipes/raspberry-chocolate-cake/,,,,,,,,Desserts
375,56,,15.0,"{'@type': 'NutritionInformation', 'calories': ' 375 calories', 'fatContent': '15g fat (4g saturated fat)', 'cholesterolContent': '57mg cholesterol', 'sodiumContent': '161mg sodium', 'carbohydrateContent': '56g carbohydrate (34g sugars', 'fiberContent': '1g fiber)', 'proteinContent': '5g protein. '}",5,5.0,1.0,taste_of_home,Homemade Devil's Food Cake,https://www.tasteofhome.com/recipes/homemade-devil-s-food-cake/,,,,,,,,Desserts
786,96,,43.0,"{'@type': 'NutritionInformation', 'calories': ' 786 calories', 'fatContent': '43g fat (19g saturated fat)', 'cholesterolContent': '130mg cholesterol', 'sodiumContent': '351mg sodium', 'carbohydrateContent': '96g carbohydrate (72g sugars', 'fiberContent': '3g fiber)', 'proteinContent': '8g protein. '}",8,4.52,25.0,taste_of_home,Toasted Butter Pecan Cake,https://www.tasteofhome.com/recipes/toasted-butter-pecan-cake/,,,,,,,,Desserts
444,72,,16.0,"{'@type': 'NutritionInformation', 'calories': ' 444 calories', 'fatContent': '16g fat (6g saturated fat)', 'cholesterolContent': '35mg cholesterol', 'sodiumContent': '377mg sodium', 'carbohydrateContent': '72g carbohydrate (53g sugars', 'fiberContent': '1g fiber)', 'proteinContent': '3g protein. '}",3,4.785714,14.0,taste_of_home,Rainbow Layer Cake,https://www.tasteofhome.com/recipes/rainbow-layer-cake/,,,,,,,,Desserts
910,103,,53.0,"{'@type': 'NutritionInformation', 'calories': ' 910 calories', 'fatContent': '53g fat (28g saturated fat)', 'cholesterolContent': '237mg cholesterol', 'sodiumContent': '511mg sodium', 'carbohydrateContent': '103g carbohydrate (76g sugars', 'fiberContent': '4g fiber)', 'proteinContent': '11g protein. '}",11,4.5930233,86.0,taste_of_home,German Chocolate Cake,https://www.tasteofhome.com/recipes/german-chocolate-cake/,,,,,,,,Desserts
415,53,,17.0,"{'@type': 'NutritionInformation', 'calories': ' 415 calories', 'fatContent': '17g fat (5g saturated fat)', 'cholesterolContent': '19mg cholesterol', 'sodiumContent': '776mg sodium', 'carbohydrateContent': '53g carbohydrate (9g sugars', 'fiberContent': '2g fiber)', 'proteinContent': '11g protein. '}",11,5.0,6.0,taste_of_home,Sweet Onion Bread Skillet,https://www.tasteofhome.com/recipes/sweet-onion-bread-skillet/,,,,,,,,Appetizers
443,48,,27.0,"{'@type': 'NutritionInformation', 'calories': ' 443 calories', 'fatContent': '27g fat (6g saturated fat)', 'cholesterolContent': '31mg cholesterol', 'sodiumContent': '372mg sodium', 'carbohydrateContent': '48g carbohydrate (31g sugars', 'fiberContent': '3g fiber)', 'proteinContent': '8g protein. '}",8,4.923077,13.0,taste_of_home,Giant Buckeye Cookie,https://www.tasteofhome.com/recipes/giant-buckeye-cookie/,,,,,,,,Desserts
351,51,,15.0,"{'@type': 'NutritionInformation', 'calories': ' 351 calories', 'fatContent': '15g fat (2g saturated fat)', 'cholesterolContent': '40mg cholesterol', 'sodiumContent': '245mg sodium', 'carbohydrateContent': '51g carbohydrate (32g sugars', 'fiberContent': '2g fiber)', 'proteinContent': '4g protein. '}",4,4.766234,77.0,taste_of_home,Pumpkin Bundt Cake,https://www.tasteofhome.com/recipes/moist-pumpkin-tube-cake/,,,,,,,,Desserts
151,22,,7.0,"{'@type': 'NutritionInformation', 'calories': ' 151 calories', 'fatContent': '7g fat (3g saturated fat)', 'cholesterolContent': '19mg cholesterol', 'sodiumContent': '78mg sodium', 'carbohydrateContent': '22g carbohydrate (14g sugars', 'fiberContent': '1g fiber)', 'proteinContent': '3g protein. <b>Diabetic Exchanges</b>: 1-1/2 starch'}",3,5.0,3.0,taste_of_home,Pumpkin Snack Cake,https://www.tasteofhome.com/recipes/pumpkin-snack-cake/,,,,,,,,Desserts
417,55,,21.0,"{'@type': 'NutritionInformation', 'calories': ' 417 calories', 'fatContent': '21g fat (5g saturated fat)', 'cholesterolContent': '61mg cholesterol', 'sodiumContent': '307mg sodium', 'carbohydrateContent': '55g carbohydrate (40g sugars', 'fiberContent': '1g fiber)', 'proteinContent': '4g protein. '}",4,5.0,15.0,taste_of_home,Gingersnap Pumpkin Cake,https://www.tasteofhome.com/recipes/gingersnap-pumpkin-cake/,,,,,,,,Desserts
494,68,,25.0,"{'@type': 'NutritionInformation', 'calories': ' 494 calories', 'fatContent': '25g fat (12g saturated fat)', 'cholesterolContent': '65mg cholesterol', 'sodiumContent': '239mg sodium', 'carbohydrateContent': '68g carbohydrate (44g sugars', 'fiberContent': '5g fiber)', 'proteinContent': '6g protein. '}",6,4.75,48.0,taste_of_home,Chocolate Chip Pumpkin Cake,https://www.tasteofhome.com/recipes/chocolate-chip-pumpkin-cake/,,,,,,,,Desserts
124,29,,1.0,"{'@type': 'NutritionInformation', 'calories': ' 124 calories', 'fatContent': '1g fat (0 saturated fat)', 'cholesterolContent': '10mg cholesterol', 'sodiumContent': '67mg sodium', 'carbohydrateContent': '29g carbohydrate (21g sugars', 'fiberContent': '3g fiber)', 'proteinContent': '2g protein. <B><b>Diabetic Exchanges</b>: </B> 1 starch'}",2,5.0,7.0,taste_of_home,Picnic Berry Shortcakes,https://www.tasteofhome.com/recipes/picnic-berry-shortcakes/,,,,,,,,Desserts
446,46,,27.0,"{'@type': 'NutritionInformation', 'calories': ' 446 calories', 'fatContent': '27g fat (12g saturated fat)', 'cholesterolContent': '114mg cholesterol', 'sodiumContent': '326mg sodium', 'carbohydrateContent': '46g carbohydrate (29g sugars', 'fiberContent': '1g fiber)', 'proteinContent': '4g protein. '}",4,5.0,2.0,taste_of_home,Lemon Mascarpone Cake,https://www.tasteofhome.com/recipes/lemon-cream-cake/,,,,,,,,Desserts
176,27,,7.0,"{'@type': 'NutritionInformation', 'calories': ' 176 calories', 'fatContent': '7g fat (4g saturated fat)', 'cholesterolContent': '29mg cholesterol', 'sodiumContent': '118mg sodium', 'carbohydrateContent': '27g carbohydrate (17g sugars', 'fiberContent': '1g fiber)', 'proteinContent': '2g protein. '}",2,4.8333335,18.0,taste_of_home,Summer Dessert Pizza,https://www.tasteofhome.com/recipes/summer-dessert-pizza/,,,,,,,,Desserts
297,38,,15.0,"{'@type': 'NutritionInformation', 'calories': ' 297 calories', 'fatContent': '15g fat (7g saturated fat)', 'cholesterolContent': '56mg cholesterol', 'sodiumContent': '180mg sodium', 'carbohydrateContent': '38g carbohydrate (28g sugars', 'fiberContent': '1g fiber)', 'proteinContent': '4g protein. '}",4,5.0,6.0,taste_of_home,Homemade Makeover Italian Cream Cake,https://www.tasteofhome.com/recipes/homemade-makeover-italian-cream-cake/,,,,,,,,Desserts
402,59,,18.0,"{'@type': 'NutritionInformation', 'calories': ' 402 calories', 'fatContent': '18g fat (8g saturated fat)', 'cholesterolContent': '44mg cholesterol', 'sodiumContent': '246mg sodium', 'carbohydrateContent': '59g carbohydrate (28g sugars', 'fiberContent': '2g fiber)', 'proteinContent': '4g protein. '}",4,5.0,1.0,taste_of_home,Cherry-Berry Fruit Pie,https://www.tasteofhome.com/recipes/cherry-berry-fruit-pie/,,,,,,,,Desserts
442,67,,18.0,"{'@type': 'NutritionInformation', 'calories': ' 442 calories', 'fatContent': '18g fat (8g saturated fat)', 'cholesterolContent': '46mg cholesterol', 'sodiumContent': '269mg sodium', 'carbohydrateContent': '67g carbohydrate (35g sugars', 'fiberContent': '3g fiber)', 'proteinContent': '5g protein. '}",5,4.8461537,13.0,taste_of_home,Blueberry Dream Pie,https://www.tasteofhome.com/recipes/blueberry-dream-pie/,,,,,,,,Desserts
466,41,,31.0,"{'@type': 'NutritionInformation', 'calories': ' 466 calories', 'fatContent': '31g fat (20g saturated fat)', 'cholesterolContent': '138mg cholesterol', 'sodiumContent': '291mg sodium', 'carbohydrateContent': '41g carbohydrate (30g sugars', 'fiberContent': '1g fiber)', 'proteinContent': '7g protein. '}",7,4.6363635,44.0,taste_of_home,Berry Cheesecake Pie,https://www.tasteofhome.com/recipes/berry-cheesecake-pie/,,,,,,,,Desserts
160,17,,9.0,"{'@type': 'NutritionInformation', 'calories': ' 160 calories', 'fatContent': '9g fat (5g saturated fat)', 'cholesterolContent': '25mg cholesterol', 'sodiumContent': '92mg sodium', 'carbohydrateContent': '17g carbohydrate (11g sugars', 'fiberContent': '1g fiber)', 'proteinContent': '3g protein. '}",3,5.0,2.0,taste_of_home,Chocolate Cheesecake Bars,https://www.tasteofhome.com/recipes/chocolate-cheesecake-bars/,,,,,,,,Desserts
572,71,,30.0,"{'@type': 'NutritionInformation', 'calories': ' 572 calories', 'fatContent': '30g fat (15g saturated fat)', 'cholesterolContent': '61mg cholesterol', 'sodiumContent': '478mg sodium', 'carbohydrateContent': '71g carbohydrate (39g sugars', 'fiberContent': '4g fiber)', 'proteinContent': '6g protein. '}",6,5.0,3.0,taste_of_home,Oregon's Best Marionberry Pie,https://www.tasteofhome.com/recipes/oregon-s-best-marionberry-pie/,,,,,,,,Desserts
428,56,,21.0,"{'@type': 'NutritionInformation', 'calories': ' 428 calories', 'fatContent': '21g fat (13g saturated fat)', 'cholesterolContent': '68mg cholesterol', 'sodiumContent': '321mg sodium', 'carbohydrateContent': '56g carbohydrate (38g sugars', 'fiberContent': '0 fiber)', 'proteinContent': '4g protein. '}",4,4.672414,58.0,taste_of_home,Layered Lemon Pies,https://www.tasteofhome.com/recipes/layered-lemon-pies/,,,,,,,,Desserts
395,34,,28.0,"{'@type': 'NutritionInformation', 'calories': ' 395 calories', 'fatContent': '28g fat (16g saturated fat)', 'cholesterolContent': '68mg cholesterol', 'sodiumContent': '233mg sodium', 'carbohydrateContent': '34g carbohydrate (18g sugars', 'fiberContent': '2g fiber)', 'proteinContent': '4g protein.'}",4,4.7419353,31.0,taste_of_home,Chocolate Raspberry Pie,https://www.tasteofhome.com/recipes/chocolate-raspberry-pie/,,,,,,,,Desserts
424,67,,17.0,"{'@type': 'NutritionInformation', 'calories': ' 424 calories', 'fatContent': '17g fat (8g saturated fat)', 'cholesterolContent': '18mg cholesterol', 'sodiumContent': '304mg sodium', 'carbohydrateContent': '67g carbohydrate (33g sugars', 'fiberContent': '2g fiber)', 'proteinContent': '3g protein. '}",3,5.0,5.0,taste_of_home,Star-Studded Blueberry Pie,https://www.tasteofhome.com/recipes/star-studded-blueberry-pie/,,,,,,,,Desserts
524,69,,26.0,"{'@type': 'NutritionInformation', 'calories': ' 524 calories', 'fatContent': '26g fat (16g saturated fat)', 'cholesterolContent': '68mg cholesterol', 'sodiumContent': '407mg sodium', 'carbohydrateContent': '69g carbohydrate (29g sugars', 'fiberContent': '5g fiber)', 'proteinContent': '5g protein.'}",5,4.75,24.0,taste_of_home,Fresh Blackberry Pie,https://www.tasteofhome.com/recipes/fresh-blackberry-pie/,,,,,,,,Desserts
424,38,,28.0,"{'@type': 'NutritionInformation', 'calories': ' 424 calories', 'fatContent': '28g fat (16g saturated fat)', 'cholesterolContent': '129mg cholesterol', 'sodiumContent': '262mg sodium', 'carbohydrateContent': '38g carbohydrate (30g sugars', 'fiberContent': '1g fiber)', 'proteinContent': '7g protein. '}",7,4.6538463,26.0,taste_of_home,Contest-Winning Blueberry Swirl Cheesecake,https://www.tasteofhome.com/recipes/contest-winning-blueberry-swirl-cheesecake/,,,,,,,,Desserts
531,73,,25.0,"{'@type': 'NutritionInformation', 'calories': ' 531 calories', 'fatContent': '25g fat (11g saturated fat)', 'cholesterolContent': '53mg cholesterol', 'sodiumContent': '269mg sodium', 'carbohydrateContent': '73g carbohydrate (35g sugars', 'fiberContent': '3g fiber)', 'proteinContent': '5g protein. '}",5,5.0,7.0,taste_of_home,Winning Rhubarb-Strawberry Pie,https://www.tasteofhome.com/recipes/winning-rhubarb-strawberry-pie/,,,,,,,,Desserts
604,46,,45.0,"{'@type': 'NutritionInformation', 'calories': ' 604 calories', 'fatContent': '45g fat (23g saturated fat)', 'cholesterolContent': '111mg cholesterol', 'sodiumContent': '297mg sodium', 'carbohydrateContent': '46g carbohydrate (35g sugars', 'fiberContent': '1g fiber)', 'proteinContent': '9g protein. '}",9,4.827586,29.0,taste_of_home,Macadamia Key Lime Pie,https://www.tasteofhome.com/recipes/macadamia-key-lime-pie/,,,,,,,,Desserts
351,26,,26.0,"{'@type': 'NutritionInformation', 'calories': ' 351 calories', 'fatContent': '26g fat (13g saturated fat)', 'cholesterolContent': '92mg cholesterol', 'sodiumContent': '178mg sodium', 'carbohydrateContent': '26g carbohydrate (19g sugars', 'fiberContent': '1g fiber)', 'proteinContent': '6g protein. '}",6,5.0,3.0,taste_of_home,Baklava Cheesecake,https://www.tasteofhome.com/recipes/baklava-cheesecake/,,,,,,,,Desserts
275,39,,13.0,"{'@type': 'NutritionInformation', 'calories': ' 275 calories', 'fatContent': '13g fat (6g saturated fat)', 'cholesterolContent': '29mg cholesterol', 'sodiumContent': '329mg sodium', 'carbohydrateContent': '39g carbohydrate (29g sugars', 'fiberContent': '1g fiber)', 'proteinContent': '3g protein. '}",3,5.0,2.0,taste_of_home,Chocolate Ice Cream Pie,https://www.tasteofhome.com/recipes/chocolate-ice-cream-pie/,,,,,,,,Desserts
434,40,,27.0,"{'@type': 'NutritionInformation', 'calories': ' 434 calories', 'fatContent': '27g fat (11g saturated fat)', 'cholesterolContent': '16mg cholesterol', 'sodiumContent': '276mg sodium', 'carbohydrateContent': '40g carbohydrate (29g sugars', 'fiberContent': '2g fiber)', 'proteinContent': '8g protein. '}",8,4.75,56.0,taste_of_home,Peanut Butter Silk Pie,https://www.tasteofhome.com/recipes/peanut-butter-silk-pie/,,,,,,,,Desserts
128,18,,6.0,"{'@type': 'NutritionInformation', 'calories': ' 128 calories', 'fatContent': '6g fat (3g saturated fat)', 'cholesterolContent': '16mg cholesterol', 'sodiumContent': '50mg sodium', 'carbohydrateContent': '18g carbohydrate (12g sugars', 'fiberContent': '1g fiber)', 'proteinContent': '1g protein. '}",1,4.8,10.0,taste_of_home,White Chocolate Cran-Pecan Cookies,https://www.tasteofhome.com/recipes/white-chocolate-cran-pecan-cookies/,,,,,,,,Desserts
462,39,,33.0,"{'@type': 'NutritionInformation', 'calories': ' 462 calories', 'fatContent': '33g fat (15g saturated fat)', 'cholesterolContent': '36mg cholesterol', 'sodiumContent': '287mg sodium', 'carbohydrateContent': '39g carbohydrate (22g sugars', 'fiberContent': '2g fiber)', 'proteinContent': '4g protein. '}",4,5.0,5.0,taste_of_home,Pecan Cream Cheese Pie,https://www.tasteofhome.com/recipes/pecan-cream-cheese-pie/,,,,,,,,Desserts
801,75,,54.0,"{'@type': 'NutritionInformation', 'calories': ' 801 calories', 'fatContent': '54g fat (24g saturated fat)', 'cholesterolContent': '215mg cholesterol', 'sodiumContent': '227mg sodium', 'carbohydrateContent': '75g carbohydrate (53g sugars', 'fiberContent': '5g fiber)', 'proteinContent': '12g protein. '}",12,4.1376147,109.0,taste_of_home,Coconut-Pecan German Chocolate Pie,https://www.tasteofhome.com/recipes/coconut-pecan-german-chocolate-pie/,,,,,,,,Desserts
502,45,,33.0,"{'@type': 'NutritionInformation', 'calories': ' 502 calories', 'fatContent': '33g fat (11g saturated fat)', 'cholesterolContent': '142mg cholesterol', 'sodiumContent': '277mg sodium', 'carbohydrateContent': '45g carbohydrate (26g sugars', 'fiberContent': '2g fiber)', 'proteinContent': '8g protein. '}",8,4.678322,143.0,taste_of_home,Caramel-Pecan Cheesecake Pie,https://www.tasteofhome.com/recipes/caramel-pecan-cheesecake-pie/,,,,,,,,Desserts
408,60,,16.0,"{'@type': 'NutritionInformation', 'calories': ' 408 calories', 'fatContent': '16g fat (9g saturated fat)', 'cholesterolContent': '93mg cholesterol', 'sodiumContent': '210mg sodium', 'carbohydrateContent': '60g carbohydrate (42g sugars', 'fiberContent': '1g fiber)', 'proteinContent': '6g protein. '}",6,5.0,6.0,taste_of_home,Old-Fashioned Coconut Pie,https://www.tasteofhome.com/recipes/old-fashioned-coconut-pie/,,,,,,,,Desserts
437,46,,26.0,"{'@type': 'NutritionInformation', 'calories': ' 437 calories', 'fatContent': '26g fat (15g saturated fat)', 'cholesterolContent': '145mg cholesterol', 'sodiumContent': '197mg sodium', 'carbohydrateContent': '46g carbohydrate (29g sugars', 'fiberContent': '0 fiber)', 'proteinContent': '4g protein. '}",4,4.8125,32.0,taste_of_home,Sour Cream-Lemon Pie,https://www.tasteofhome.com/recipes/sour-cream-lemon-pie/,,,,,,,,Desserts
434,49,,23.0,"{'@type': 'NutritionInformation', 'calories': ' 434 calories', 'fatContent': '23g fat (14g saturated fat)', 'cholesterolContent': '156mg cholesterol', 'sodiumContent': '422mg sodium', 'carbohydrateContent': '49g carbohydrate (21g sugars', 'fiberContent': '3g fiber)', 'proteinContent': '8g protein.'}",8,5.0,3.0,taste_of_home,Butternut-Sweet Potato Pie,https://www.tasteofhome.com/recipes/butternut-sweet-potato-pie/,,,,,,,,Desserts
200,27,,10.0,"{'@type': 'NutritionInformation', 'calories': ' 200 calories', 'fatContent': '10g fat (7g saturated fat)', 'cholesterolContent': '9mg cholesterol', 'sodiumContent': '51mg sodium', 'carbohydrateContent': '27g carbohydrate (24g sugars', 'fiberContent': '1g fiber)', 'proteinContent': '1g protein. '}",1,5.0,2.0,taste_of_home,Cherry Cordial Cake Balls,https://www.tasteofhome.com/recipes/cherry-cordial-cake-balls/,,,,,,,,Desserts
437,51,,23.0,"{'@type': 'NutritionInformation', 'calories': ' 437 calories', 'fatContent': '23g fat (7g saturated fat)', 'cholesterolContent': '80mg cholesterol', 'sodiumContent': '395mg sodium', 'carbohydrateContent': '51g carbohydrate (29g sugars', 'fiberContent': '3g fiber)', 'proteinContent': '8g protein. '}",8,5.0,8.0,taste_of_home,Irresistible Coconut Cream Pie,https://www.tasteofhome.com/recipes/irresistible-coconut-cream-pie/,,,,,,,,Desserts
396,27,,29.0,"{'@type': 'NutritionInformation', 'calories': ' 396 calories', 'fatContent': '29g fat (18g saturated fat)', 'cholesterolContent': '150mg cholesterol', 'sodiumContent': '286mg sodium', 'carbohydrateContent': '27g carbohydrate (19g sugars', 'fiberContent': '0 fiber)', 'proteinContent': '7g protein. '}",7,4.8653846,52.0,taste_of_home,Lemon Dream Cheesecake,https://www.tasteofhome.com/recipes/lemon-dream-cheesecake/,,,,,,,,Desserts
315,45,,14.0,"{'@type': 'NutritionInformation', 'calories': ' 315 calories', 'fatContent': '14g fat (9g saturated fat)', 'cholesterolContent': '37mg cholesterol', 'sodiumContent': '217mg sodium', 'carbohydrateContent': '45g carbohydrate (27g sugars', 'fiberContent': '1g fiber)', 'proteinContent': '4g protein. '}",4,4.6041665,48.0,taste_of_home,Mom's Lemon Custard Pie,https://www.tasteofhome.com/recipes/mom-s-lemon-custard-pie/,,,,,,,,Desserts
317,40,,15.0,"{'@type': 'NutritionInformation', 'calories': ' 317 calories', 'fatContent': '15g fat (9g saturated fat)', 'cholesterolContent': '123mg cholesterol', 'sodiumContent': '280mg sodium', 'carbohydrateContent': '40g carbohydrate (22g sugars', 'fiberContent': '2g fiber)', 'proteinContent': '7g protein.'}",7,4.64,25.0,taste_of_home,Eggnog Pumpkin Pie,https://www.tasteofhome.com/recipes/eggnog-pumpkin-pie/,,,,,,,,Desserts
819,91,,49.0,"{'@type': 'NutritionInformation', 'calories': ' 819 calories', 'fatContent': '49g fat (12g saturated fat)', 'cholesterolContent': '76mg cholesterol', 'sodiumContent': '346mg sodium', 'carbohydrateContent': '91g carbohydrate (72g sugars', 'fiberContent': '3g fiber)', 'proteinContent': '8g protein. '}",8,4.671642,67.0,taste_of_home,Carrot Cake,https://www.tasteofhome.com/recipes/carrot-cake/,,,,,,,,Desserts
400,55,,19.0,"{'@type': 'NutritionInformation', 'calories': ' 400 calories', 'fatContent': '19g fat (9g saturated fat)', 'cholesterolContent': '57mg cholesterol', 'sodiumContent': '314mg sodium', 'carbohydrateContent': '55g carbohydrate (34g sugars', 'fiberContent': '2g fiber)', 'proteinContent': '4g protein. '}",4,4.84,25.0,taste_of_home,Gingerbread Pumpkin Trifle,https://www.tasteofhome.com/recipes/gingerbread-pumpkin-trifle/,,,,,,,,Desserts
257,37,,10.0,"{'@type': 'NutritionInformation', 'calories': ' 257 calories', 'fatContent': '10g fat (5g saturated fat)', 'cholesterolContent': '66mg cholesterol', 'sodiumContent': '291mg sodium', 'carbohydrateContent': '37g carbohydrate (22g sugars', 'fiberContent': '2g fiber)', 'proteinContent': '5g protein. '}",5,5.0,2.0,taste_of_home,Molasses Pumpkin Pie,https://www.tasteofhome.com/recipes/molasses-pumpkin-pie/,,,,,,,,Desserts
332,47,,16.0,"{'@type': 'NutritionInformation', 'calories': ' 332 calories', 'fatContent': '16g fat (6g saturated fat)', 'cholesterolContent': '22mg cholesterol', 'sodiumContent': '285mg sodium', 'carbohydrateContent': '47g carbohydrate (28g sugars', 'fiberContent': '3g fiber)', 'proteinContent': '3g protein. '}",3,5.0,5.0,taste_of_home,"Blueberry, Apple and Pineapple Dump Cake",https://www.tasteofhome.com/recipes/blueberry-apple-and-pineapple-dump-cake/,,,,,,,,Desserts
340,53,,14.0,"{'@type': 'NutritionInformation', 'calories': ' 340 calories', 'fatContent': '14g fat (8g saturated fat)', 'cholesterolContent': '62mg cholesterol', 'sodiumContent': '233mg sodium', 'carbohydrateContent': '53g carbohydrate (41g sugars', 'fiberContent': '1g fiber)', 'proteinContent': '4g protein. '}",4,4.8586955,184.0,taste_of_home,Pumpkin Spice Cupcakes with Cream Cheese Frosting,https://www.tasteofhome.com/recipes/pumpkin-spice-cupcakes-with-cream-cheese-frosting/,,,,,,,,Desserts
149,17,,6.0,"{'@type': 'NutritionInformation', 'calories': ' 149 calories', 'fatContent': '6g fat (2g saturated fat)', 'cholesterolContent': '8mg cholesterol', 'sodiumContent': '621mg sodium', 'carbohydrateContent': '17g carbohydrate (1g sugars', 'fiberContent': '1g fiber)', 'proteinContent': '6g protein. '}",6,4.882353,17.0,taste_of_home,Pull-Apart Bacon Bread,https://www.tasteofhome.com/recipes/pull-apart-bacon-bread/,,,,,,,,
248,36,,10.0,"{'@type': 'NutritionInformation', 'calories': ' 248 calories', 'fatContent': '10g fat (5g saturated fat)', 'cholesterolContent': '64mg cholesterol', 'sodiumContent': '212mg sodium', 'carbohydrateContent': '36g carbohydrate (28g sugars', 'fiberContent': '2g fiber)', 'proteinContent': '4g protein. '}",4,4.88,25.0,taste_of_home,Pumpkin Pie Squares,https://www.tasteofhome.com/recipes/pumpkin-pie-squares/,,,,,,,,Desserts
384,43,,22.0,"{'@type': 'NutritionInformation', 'calories': ' 384 calories', 'fatContent': '22g fat (13g saturated fat)', 'cholesterolContent': '74mg cholesterol', 'sodiumContent': '227mg sodium', 'carbohydrateContent': '43g carbohydrate (21g sugars', 'fiberContent': '2g fiber)', 'proteinContent': '4g protein. '}",4,5.0,1.0,taste_of_home,Cranberry and Walnut Pie,https://www.tasteofhome.com/recipes/cranberry-and-walnut-pie/,,,,,,,,Desserts
486,80,,17.0,"{'@type': 'NutritionInformation', 'calories': ' 486 calories', 'fatContent': '17g fat (10g saturated fat)', 'cholesterolContent': '131mg cholesterol', 'sodiumContent': '289mg sodium', 'carbohydrateContent': '80g carbohydrate (59g sugars', 'fiberContent': '3g fiber)', 'proteinContent': '6g protein. '}",6,5.0,2.0,taste_of_home,Mile-High Cranberry Meringue Pie,https://www.tasteofhome.com/recipes/mile-high-cranberry-meringue-pie/,,,,,,,,Desserts
367,29,,23.0,"{'@type': 'NutritionInformation', 'calories': ' 367 calories', 'fatContent': '23g fat (7g saturated fat)', 'cholesterolContent': '46mg cholesterol', 'sodiumContent': '607mg sodium', 'carbohydrateContent': '29g carbohydrate (7g sugars', 'fiberContent': '4g fiber)', 'proteinContent': '11g protein. '}",11,4.875,16.0,taste_of_home,Southern Cornbread Salad,https://www.tasteofhome.com/recipes/southern-cornbread-salad/,,,,,,,,"Lunch,Side Dishes"
337,46,,15.0,"{'@type': 'NutritionInformation', 'calories': ' 337 calories', 'fatContent': '15g fat (1g saturated fat)', 'cholesterolContent': '53mg cholesterol', 'sodiumContent': '241mg sodium', 'carbohydrateContent': '46g carbohydrate (27g sugars', 'fiberContent': '1g fiber)', 'proteinContent': '4g protein. '}",4,5.0,4.0,taste_of_home,Citrus-Raspberry Coffee Cake,https://www.tasteofhome.com/recipes/citrus-raspberry-coffee-cake/,,,,,,,,Desserts
168,20,,10.0,"{'@type': 'NutritionInformation', 'calories': ' 168 calories', 'fatContent': '10g fat (6g saturated fat)', 'cholesterolContent': '32mg cholesterol', 'sodiumContent': '44mg sodium', 'carbohydrateContent': '20g carbohydrate (15g sugars', 'fiberContent': '3g fiber)', 'proteinContent': '2g protein. '}",2,4.892857,28.0,taste_of_home,"Red, White and Blue Dessert",https://www.tasteofhome.com/recipes/red-white-and-blue-dessert/,,,,,,,,Desserts
740,62,,38.0,"{'@type': 'NutritionInformation', 'calories': '740 kcal', 'fatContent': '38 g', 'saturatedFatContent': '17 g', 'carbohydrateContent': '62 g', 'sugarContent': '20 g', 'proteinContent': '40 g', 'fiberContent': '9 g', 'cholesterolContent': '145 mg', 'sodiumContent': '600 mg'}",40,0.1,0.1,hellofresh,Balsamic-and-Fig Beef Tenderloin with Garlic Mashed Potatoes and Rosemary Breadcrumb Brussels Sprouts,https://www.hellofresh.com/recipes/balsamic-fig-beef-tenderloin-5d814971f6fd0e736c656e5f,,,,,,,,main course
540,52,,20.0,"{'@type': 'NutritionInformation', 'calories': '540 kcal', 'fatContent': '20 g', 'saturatedFatContent': '6 g', 'carbohydrateContent': '52 g', 'sugarContent': '7 g', 'proteinContent': '42 g', 'fiberContent': '9 g', 'cholesterolContent': '125 mg', 'sodiumContent': '280 mg'}",42,0.1,0.1,hellofresh,Zesty Breaded Chicken Breasts with Roasted Potatoes and Creamy Mixed Greens,https://www.hellofresh.com/recipes/zesty-breaded-chicken-breasts-59d68bd7ae702a798069ffd2,,,,,,,,main course
1560,153,,83.0,"{'@type': 'NutritionInformation', 'calories': '1560 kcal', 'fatContent': '83 g', 'saturatedFatContent': '30 g', 'carbohydrateContent': '153 g', 'sugarContent': '68 g', 'proteinContent': '57 g', 'fiberContent': '5 g', 'cholesterolContent': '270 mg', 'sodiumContent': '1820 mg'}",57,0.1,0.1,hellofresh,"Prosciutto-Wrapped Apricot Chicken plus Lemony Ricotta Crostini, Mashed Potatoes, Salad & Cinnamon Crumb Cake Muffins",https://www.hellofresh.com/recipes/prosciutto-wrapped-apricot-chicken-63f4d7ab14e7af74e50fc1f6,,,,,,,,main course
880,58,,53.0,"{'@type': 'NutritionInformation', 'calories': '880 kcal', 'fatContent': '53 g', 'saturatedFatContent': '17 g', 'carbohydrateContent': '58 g', 'sugarContent': '10 g', 'proteinContent': '33 g', 'fiberContent': '5 g', 'cholesterolContent': '275 mg', 'sodiumContent': '2120 mg'}",33,0.1,0.1,hellofresh,"Lemony Parmesan Shrimp Salad Creamy Greek Dressing, Tomatoes & Garlic Bread",https://www.hellofresh.com/recipes/lemony-parmesan-shrimp-salad-63f4d75d495773897706d350,,,,,,,,main course
440,52,,24.0,"{'@type': 'NutritionInformation', 'calories': '440 kcal', 'fatContent': '24 g', 'saturatedFatContent': '5 g', 'carbohydrateContent': '52 g', 'sugarContent': '30 g', 'proteinContent': '6 g', 'fiberContent': '0 g', 'cholesterolContent': '80 mg', 'sodiumContent': '440 mg'}",6,0.1,0.1,hellofresh,Lemon Muffins You ain't seen muffin yet. | 4 Servings,https://www.hellofresh.com/recipes/lemon-muffins-63f63a4dff1fe8743503def0,,,,,,,,main course
460,42,,21.0,"{'@type': 'NutritionInformation', 'calories': '460 kcal', 'fatContent': '21 g', 'saturatedFatContent': '18 g', 'carbohydrateContent': '42 g', 'sugarContent': '28 g', 'proteinContent': '4 g', 'fiberContent': '1 g', 'cholesterolContent': '85 mg', 'sodiumContent': '200 mg'}",4,0.1,0.1,hellofresh,Strawberry Swirl Cheesecake Sweet dreams are made of these. | 2 Servings,https://www.hellofresh.com/recipes/strawberry-swirl-cheesecake-63f63e545b0bda455e01d7d6,,,,,,,,main course
460,42,,21.0,"{'@type': 'NutritionInformation', 'calories': '460 kcal', 'fatContent': '21 g', 'saturatedFatContent': '18 g', 'carbohydrateContent': '42 g', 'sugarContent': '28 g', 'proteinContent': '4 g', 'fiberContent': '1 g', 'cholesterolContent': '85 mg', 'sodiumContent': '200 mg'}",4,0.1,0.1,hellofresh,"Double Chocolate Cheesecake Creamy, chocolatey goodness in every bite. | 2 Servings",https://www.hellofresh.com/recipes/double-chocolate-cheesecake-63f63f299002d756880e294f,,,,,,,,main course
410,45,,24.0,"{'@type': 'NutritionInformation', 'calories': '410 kcal', 'fatContent': '24 g', 'saturatedFatContent': '14 g', 'carbohydrateContent': '45 g', 'sugarContent': '34 g', 'proteinContent': '7 g', 'fiberContent': '1 g', 'cholesterolContent': '90 mg', 'sodiumContent': '210 mg'}",7,0.1,0.1,hellofresh,Orange Ricotta Cheesecake with Pistachio & Apricot Topping | 8-10 servings,https://www.hellofresh.com/recipes/orange-ricotta-cheesecake-63f631aa97ba04b5a2083228,,,,,,,,main course
520,54,,31.0,"{'@type': 'NutritionInformation', 'calories': '520 kcal', 'fatContent': '31 g', 'saturatedFatContent': '15 g', 'carbohydrateContent': '54 g', 'sugarContent': '32 g', 'proteinContent': '6 g', 'fiberContent': '1 g', 'cholesterolContent': '70 mg', 'sodiumContent': '70 mg'}",6,0.1,0.1,hellofresh,Chocolate Walnut Derby Pie Youll go nuts for this! | 2 Servings,https://www.hellofresh.com/recipes/chocolate-walnut-derby-pie-63f63d7c3fd23a564105a6cc,,,,,,,,main course
285,25,,20.0,"{'@type': 'NutritionInformation', 'servingSize': '1 of 14 servings', 'calories': '285', 'fatContent': '20g', 'saturatedFatContent': '11g', 'carbohydrateContent': '25g', 'fiberContent': '0g', 'sugarContent': '18g', 'proteinContent': '4g', 'cholesterolContent': '71mg', 'sodiumContent': '186mg'}",4,5.0,1.0,foodnetwork,Pia Colada Cheesecake Bars,https://www.foodnetwork.com/recipes/food-network-kitchen/pia-colada-cheesecake-bars-11110999,,,,,,,,dessert
83,11,,4.0,"{'@type': 'NutritionInformation', 'servingSize': '1 of 60 servings', 'calories': '83', 'fatContent': '4g', 'saturatedFatContent': '2g', 'carbohydrateContent': '11g', 'fiberContent': '1g', 'sugarContent': '7g', 'proteinContent': '2g', 'cholesterolContent': '4mg', 'sodiumContent': '5mg'}",2,4.5,1060.0,foodnetwork,Peanut Butter-Chocolate No-Bake Cookies,https://www.foodnetwork.com/recipes/food-network-kitchen/peanut-butter-chocolate-no-bake-cookies-recipe-2015085,,,,,,,,dessert
337,30,,23.0,"{'@type': 'NutritionInformation', 'servingSize': '1 of 22 servings', 'calories': '337', 'fatContent': '23g', 'saturatedFatContent': '9g', 'carbohydrateContent': '30g', 'fiberContent': '0g', 'sugarContent': '24g', 'proteinContent': '3g', 'cholesterolContent': '58mg', 'sodiumContent': '135mg'}",3,5.0,2.0,foodnetwork,Red Velvet Bourbon Cheesecake Bars,https://www.foodnetwork.com/recipes/food-network-kitchen/red-velvet-bourbon-cheesecake-bars-3363301,,,,,,,,dessert
306,23,,22.0,"{'@type': 'NutritionInformation', 'servingSize': '1 of 20 servings', 'calories': '306', 'fatContent': '22g', 'saturatedFatContent': '9g', 'carbohydrateContent': '23g', 'fiberContent': '1g', 'sugarContent': '16g', 'proteinContent': '5g', 'cholesterolContent': '89mg', 'sodiumContent': '219mg'}",5,4.1,49.0,foodnetwork,Carrot Cake-Cheesecake,https://www.foodnetwork.com/recipes/food-network-kitchen/carrot-cheesecake-3361640,,,,,,,,dessert
303,33,,20.0,"{'@type': 'NutritionInformation', 'servingSize': '1 of 16 servings', 'calories': '303', 'fatContent': '20g', 'saturatedFatContent': '11g', 'carbohydrateContent': '33g', 'fiberContent': '2g', 'sugarContent': '28g', 'proteinContent': '3g', 'cholesterolContent': '53mg', 'sodiumContent': '149mg'}",3,4.8,14.0,foodnetwork,Chocolate Cheesecake Candy Cane Bars,https://www.foodnetwork.com/recipes/food-network-kitchen/chocolate-cheesecake-candy-cane-bars-recipe2-1928272,,,,,,,,dessert
303,32,,19.0,"{'@type': 'NutritionInformation', 'servingSize': '1 of 18 servings', 'calories': '303', 'fatContent': '19g', 'saturatedFatContent': '11g', 'carbohydrateContent': '32g', 'fiberContent': '2g', 'sugarContent': '24g', 'proteinContent': '4g', 'cholesterolContent': '89mg', 'sodiumContent': '183mg'}",4,5.0,1.0,foodnetwork,Red Velvet Cheesecake Brownies,https://www.foodnetwork.com/recipes/food-network-kitchen/red-velvet-cheesecake-brownies-8046814,,,,,,,,dessert
640,59,,35.0,"{'@type': 'NutritionInformation', 'calories': '640', 'fatContent': '35 grams', 'saturatedFatContent': '11 grams', 'cholesterolContent': '50 milligrams', 'sodiumContent': '1968 milligrams', 'carbohydrateContent': '59 grams', 'fiberContent': '4 grams', 'proteinContent': '20 grams', 'sugarContent': '5 grams'}",20,5.0,1.0,foodnetwork,Grilled Flatbread with Summer Squash,https://www.foodnetwork.com/recipes/food-network-kitchen/grilled-flatbread-with-summer-squash-11261146,,,,,,,,main-dish
339,47,,17.0,"{'@type': 'NutritionInformation', 'servingSize': '1 of 26 servings', 'calories': '339', 'fatContent': '17g', 'saturatedFatContent': '10g', 'carbohydrateContent': '47g', 'fiberContent': '1g', 'sugarContent': '42g', 'proteinContent': '1g', 'cholesterolContent': '36mg', 'sodiumContent': '124mg'}",1,5.0,1.0,foodnetwork,Cannoli Cake,https://www.foodnetwork.com/recipes/food-network-kitchen/cannoli-cake-8035813,,,,,,,,dessert
439,42,,28.0,"{'@type': 'NutritionInformation', 'servingSize': '1 of 10 servings', 'calories': '439', 'fatContent': '28g', 'saturatedFatContent': '15g', 'carbohydrateContent': '42g', 'fiberContent': '1g', 'sugarContent': '32g', 'proteinContent': '6g', 'cholesterolContent': '130mg', 'sodiumContent': '294mg'}",6,5.0,2.0,foodnetwork,Slow-Cooker Brown Sugar Cheesecake,https://www.foodnetwork.com/recipes/food-network-kitchen/slow-cooker-brown-sugar-cheesecake-3364866,,,,,,,,dessert
229,24,,11.0,"{'@type': 'NutritionInformation', 'calories': '229', 'fatContent': '11 grams', 'saturatedFatContent': '7 grams', 'cholesterolContent': '61 milligrams', 'sodiumContent': '319 milligrams', 'carbohydrateContent': '24 grams', 'proteinContent': '11 grams'}",11,4.6,44.0,foodnetwork,Low-Fat Cheesecake,https://www.foodnetwork.com/recipes/food-network-kitchen/low-fat-cheesecake-recipe-1972911,,,,,,,,dessert
255,14,,21.0,"{'@type': 'NutritionInformation', 'servingSize': '1 of 16 servings', 'calories': '255', 'fatContent': '21g', 'saturatedFatContent': '11g', 'carbohydrateContent': '14g', 'fiberContent': '0g', 'sugarContent': '12g', 'proteinContent': '4g', 'cholesterolContent': '115mg', 'sodiumContent': '159mg'}",4,4.0,66.0,foodnetwork,Cheesecake,https://www.foodnetwork.com/recipes/food-network-kitchen/cheesecake-recipe2-2011459,,,,,,,,dessert
298,24,,21.0,"{'@type': 'NutritionInformation', 'servingSize': '1 of 22 servings', 'calories': '298', 'fatContent': '21g', 'saturatedFatContent': '12g', 'carbohydrateContent': '24g', 'fiberContent': '0g', 'sugarContent': '21g', 'proteinContent': '4g', 'cholesterolContent': '93mg', 'sodiumContent': '201mg'}",4,4.8,50.0,foodnetwork,The Best Cheesecake,https://www.foodnetwork.com/recipes/food-network-kitchen/the-best-cheesecake-7448420,,,,,,,,dessert
273,31,,16.0,"{'@type': 'NutritionInformation', 'servingSize': '1 of 12 servings', 'calories': '273', 'fatContent': '16g', 'saturatedFatContent': '8g', 'carbohydrateContent': '31g', 'fiberContent': '0g', 'sugarContent': '29g', 'proteinContent': '4g', 'cholesterolContent': '73mg', 'sodiumContent': '154mg'}",4,4.9,10.0,foodnetwork,Passion Fruit Cheesecake,https://www.foodnetwork.com/recipes/food-network-kitchen/passion-fruit-cheesecake-recipe-2008958,,,,,,,,dessert
459,26,,37.0,"{'@type': 'NutritionInformation', 'servingSize': '1 of 12 servings', 'calories': '459', 'fatContent': '37g', 'saturatedFatContent': '21g', 'carbohydrateContent': '26g', 'fiberContent': '0g', 'sugarContent': '24g', 'proteinContent': '7g', 'cholesterolContent': '182mg', 'sodiumContent': '327mg'}",7,5.0,7.0,foodnetwork,Basque-Style Cheesecake,https://www.foodnetwork.com/recipes/food-network-kitchen/basque-style-cheesecake-6548697,,,,,,,,dessert
501,43,,34.0,"{'@type': 'NutritionInformation', 'servingSize': '1 of 10 servings', 'calories': '501', 'fatContent': '34g', 'saturatedFatContent': '19g', 'carbohydrateContent': '43g', 'fiberContent': '1g', 'sugarContent': '37g', 'proteinContent': '8g', 'cholesterolContent': '167mg', 'sodiumContent': '427mg'}",8,5.0,6.0,foodnetwork,Classic Pumpkin Cheesecake,https://www.foodnetwork.com/recipes/food-network-kitchen/classic-pumpkin-cheesecake-11770793,,,,,,,,dessert
245,31,,9.0,"{'@type': 'NutritionInformation', 'calories': '245', 'fatContent': '9 grams', 'saturatedFatContent': '5 grams', 'cholesterolContent': '36 milligrams', 'sodiumContent': '373 milligrams', 'carbohydrateContent': '31 grams', 'fiberContent': '2 grams', 'proteinContent': '12 grams'}",12,4.6,25.0,foodnetwork,Lightened-Up Chocolate Truffle Cheesecake,https://www.foodnetwork.com/recipes/food-network-kitchen/chocolate-truffle-cheesecake-recipe-2124554,,,,,,,,dessert
309,25,,22.0,"{'@type': 'NutritionInformation', 'servingSize': '1 of 20 servings', 'calories': '309', 'fatContent': '22g', 'saturatedFatContent': '12g', 'carbohydrateContent': '25g', 'fiberContent': '0g', 'sugarContent': '19g', 'proteinContent': '5g', 'cholesterolContent': '101mg', 'sodiumContent': '217mg'}",5,5.0,5.0,foodnetwork,Maple-Walnut Cheesecake,https://www.foodnetwork.com/recipes/food-network-kitchen/maple-walnut-cheesecake-3363522,,,,,,,,dessert
288,42,,12.0,"{'@type': 'NutritionInformation', 'servingSize': '1 of 14 servings', 'calories': '288', 'fatContent': '12g', 'saturatedFatContent': '6g', 'carbohydrateContent': '42g', 'fiberContent': '1g', 'sugarContent': '23g', 'proteinContent': '4g', 'cholesterolContent': '64mg', 'sodiumContent': '245mg'}",4,4.3,61.0,foodnetwork,The Best Blueberry Muffins,https://www.foodnetwork.com/recipes/food-network-kitchen/the-best-blueberry-muffins-7265025,,,,,,,,main-dish
779,101,,40.0,"{'@type': 'NutritionInformation', 'servingSize': '1 of 8 servings', 'calories': '779', 'fatContent': '40g', 'saturatedFatContent': '19g', 'carbohydrateContent': '101g', 'fiberContent': '3g', 'sugarContent': '25g', 'proteinContent': '9g', 'cholesterolContent': '91mg', 'sodiumContent': '452mg'}",9,5.0,2.0,foodnetwork,Sugar Wafer Neapolitan Ice Cream Cake,https://www.foodnetwork.com/recipes/food-network-kitchen/sugar-wafer-neapolitan-ice-cream-cake-5523365,,,,,,,,dessert
292,16,,24.0,"{'@type': 'NutritionInformation', 'servingSize': '1 of 24 servings', 'calories': '292', 'fatContent': '24g', 'saturatedFatContent': '13g', 'carbohydrateContent': '16g', 'fiberContent': '0g', 'sugarContent': '13g', 'proteinContent': '5g', 'cholesterolContent': '108mg', 'sodiumContent': '222mg'}",5,4.5,40.0,foodnetwork,The Best New York-Style Cheesecake,https://www.foodnetwork.com/recipes/food-network-kitchen/new-york-style-cheesecake-7216998,,,,,,,,dessert
291,27,,19.0,"{'@type': 'NutritionInformation', 'servingSize': '1 of 20 servings', 'calories': '291', 'fatContent': '19g', 'saturatedFatContent': '9g', 'carbohydrateContent': '27g', 'fiberContent': '1g', 'sugarContent': '9g', 'proteinContent': '4g', 'cholesterolContent': '67mg', 'sodiumContent': '153mg'}",4,4.4,126.0,foodnetwork,The Best Pumpkin Pie,https://www.foodnetwork.com/recipes/food-network-kitchen/classic-pumpkin-pie-recipe-2043514,,,,,,,,dessert
1282,126,,84.0,"{'@type': 'NutritionInformation', 'servingSize': '1 of 10 servings', 'calories': '1282', 'fatContent': '84g', 'saturatedFatContent': '50g', 'carbohydrateContent': '126g', 'fiberContent': '1g', 'sugarContent': '90g', 'proteinContent': '10g', 'cholesterolContent': '301mg', 'sodiumContent': '715mg'}",10,4.3,68.0,foodnetwork,The Best Vanilla Cake,https://www.foodnetwork.com/recipes/food-network-kitchen/the-best-vanilla-cake-7264949,,,,,,,,dessert
302,31,,19.0,"{'@type': 'NutritionInformation', 'servingSize': '1 of 14 servings', 'calories': '302', 'fatContent': '19g', 'saturatedFatContent': '8g', 'carbohydrateContent': '31g', 'fiberContent': '3g', 'sugarContent': '7g', 'proteinContent': '6g', 'cholesterolContent': '42mg', 'sodiumContent': '415mg'}",6,5.0,1.0,foodnetwork,Fruit-and-Nut Cornbread Stuffing,https://www.foodnetwork.com/recipes/food-network-kitchen/fruit-and-nut-cornbread-stuffing-5477375,,,,,,,,side-dish
291,27,,19.0,"{'@type': 'NutritionInformation', 'servingSize': '1 of 16 servings', 'calories': '291', 'fatContent': '19g', 'saturatedFatContent': '10g', 'carbohydrateContent': '27g', 'fiberContent': '1g', 'sugarContent': '17g', 'proteinContent': '3g', 'cholesterolContent': '41mg', 'sodiumContent': '216mg'}",3,5.0,2.0,foodnetwork,Strawberry Shortcake Lush,https://www.foodnetwork.com/recipes/food-network-kitchen/strawberry-shortcake-lush-5168697,,,,,,,,dessert
353,41,,20.0,"{'@type': 'NutritionInformation', 'servingSize': '1 of 26 servings', 'calories': '353', 'fatContent': '20g', 'saturatedFatContent': '10g', 'carbohydrateContent': '41g', 'fiberContent': '0g', 'sugarContent': '31g', 'proteinContent': '3g', 'cholesterolContent': '74mg', 'sodiumContent': '130mg'}",3,3.8,104.0,foodnetwork,Classic Vanilla Cake,https://www.foodnetwork.com/recipes/food-network-kitchen/classic-vanilla-cake-3362197,,,,,,,,dessert
339,43,,17.0,"{'@type': 'NutritionInformation', 'servingSize': '1 of 18 servings', 'calories': '339', 'fatContent': '17g', 'saturatedFatContent': '3g', 'carbohydrateContent': '43g', 'fiberContent': '3g', 'sugarContent': '19g', 'proteinContent': '4g', 'cholesterolContent': '0mg', 'sodiumContent': '206mg'}",4,5.0,2.0,foodnetwork,Vegan Pumpkin Chocolate Chip Bread,https://www.foodnetwork.com/recipes/food-network-kitchen/vegan-pumpkin-chocolate-chip-bread-12701308,,,,,,,,dessert
855,71,,62.0,"{'@type': 'NutritionInformation', 'servingSize': '1 of 8 servings', 'calories': '855', 'fatContent': '62g', 'saturatedFatContent': '32g', 'carbohydrateContent': '71g', 'fiberContent': '5g', 'sugarContent': '36g', 'proteinContent': '12g', 'cholesterolContent': '72mg', 'sodiumContent': '435mg'}",12,5.0,1.0,foodnetwork,Almond Butter Pie with Chocolate Saltine Toffee Crust,https://www.foodnetwork.com/recipes/food-network-kitchen/almond-butter-pie-with-chocolate-saltine-toffee-crust-4536789,,,,,,,,dessert
350,35,,22.0,"{'@type': 'NutritionInformation', 'calories': '350 calorie', 'fatContent': '22 grams', 'saturatedFatContent': '11 grams', 'cholesterolContent': '90 milligrams', 'sodiumContent': '320 milligrams', 'carbohydrateContent': '35 grams', 'fiberContent': '2 grams', 'proteinContent': '5 grams', 'sugarContent': '23 grams'}",5,5.0,3.0,foodnetwork,Star Fruit Upside-Down Cake,https://www.foodnetwork.com/recipes/food-network-kitchen/star-fruit-upside-down-cake-3363912,,,,,,,,dessert
655,47,,50.0,"{'@type': 'NutritionInformation', 'servingSize': '1 of 15 servings', 'calories': '655', 'fatContent': '50g', 'saturatedFatContent': '29g', 'carbohydrateContent': '47g', 'fiberContent': '5g', 'sugarContent': '32g', 'proteinContent': '8g', 'cholesterolContent': '176mg', 'sodiumContent': '313mg'}",8,5.0,3.0,foodnetwork,Pumpkin-Chocolate Slab Pie,https://www.foodnetwork.com/recipes/food-network-kitchen/pumpkin-chocolate-slab-pie-9427401,,,,,,,,dessert
336,41,,18.0,"{'@type': 'NutritionInformation', 'servingSize': '1 of 28 servings', 'calories': '336', 'fatContent': '18g', 'saturatedFatContent': '9g', 'carbohydrateContent': '41g', 'fiberContent': '2g', 'sugarContent': '28g', 'proteinContent': '6g', 'cholesterolContent': '54mg', 'sodiumContent': '144mg'}",6,5.0,2.0,foodnetwork,Peanut Butter-Chocolate-Coconut Layer Cake,https://www.foodnetwork.com/recipes/food-network-kitchen/peanut-butter-chocolate-coconut-layer-cake-3363978,,,,,,,,dessert
706,78,,41.0,"{'@type': 'NutritionInformation', 'servingSize': '1 of 10 servings', 'calories': '706', 'fatContent': '41g', 'saturatedFatContent': '25g', 'carbohydrateContent': '78g', 'fiberContent': '1g', 'sugarContent': '51g', 'proteinContent': '9g', 'cholesterolContent': '230mg', 'sodiumContent': '277mg'}",9,5.0,1.0,foodnetwork,Pumpkin Pie Layer Cake,https://www.foodnetwork.com/recipes/food-network-kitchen/pumpkin-pie-layer-cake-11771326,,,,,,,,dessert
298,41,,14.0,"{'@type': 'NutritionInformation', 'servingSize': '1 of 24 servings', 'calories': '298', 'fatContent': '14g', 'saturatedFatContent': '8g', 'carbohydrateContent': '41g', 'fiberContent': '1g', 'sugarContent': '29g', 'proteinContent': '3g', 'cholesterolContent': '43mg', 'sodiumContent': '155mg'}",3,4.5,29.0,foodnetwork,The Best M&M Cookies,https://www.foodnetwork.com/recipes/food-network-kitchen/the-best-mandm-cookies-7475432,,,,,,,,dessert
263,38,,13.0,"{'@type': 'NutritionInformation', 'servingSize': '1 of 10 servings', 'calories': '263', 'fatContent': '13g', 'saturatedFatContent': '8g', 'carbohydrateContent': '38g', 'fiberContent': '1g', 'sugarContent': '25g', 'proteinContent': '3g', 'cholesterolContent': '37mg', 'sodiumContent': '142mg'}",3,5.0,2.0,foodnetwork,Kids' Chocolate Chip Sprinkle Cookie Cake,https://www.foodnetwork.com/recipes/food-network-kitchen/kids-can-bake-giant-chocolate-chip-sprinkle-cookie-3364413,,,,,,,,dessert
375,62,,13.0,"{'@type': 'NutritionInformation', 'servingSize': '1 of 24 servings', 'calories': '375', 'fatContent': '13g', 'saturatedFatContent': '5g', 'carbohydrateContent': '62g', 'fiberContent': '1g', 'sugarContent': '44g', 'proteinContent': '3g', 'cholesterolContent': '8mg', 'sodiumContent': '406mg'}",3,5.0,3.0,foodnetwork,Rainbow Cookie Cake,https://www.foodnetwork.com/recipes/food-network-kitchen/rainbow-cookie-cake-3612572,,,,,,,,dessert
314,59,,5.0,"{'@type': 'NutritionInformation', 'servingSize': '1 of 14 servings', 'calories': '314', 'fatContent': '5g', 'saturatedFatContent': '2g', 'carbohydrateContent': '59g', 'fiberContent': '2g', 'sugarContent': '35g', 'proteinContent': '9g', 'cholesterolContent': '31mg', 'sodiumContent': '292mg'}",9,4.4,51.0,foodnetwork,Gingerbread Cake,https://www.foodnetwork.com/recipes/food-network-kitchen/gingerbread-cake-recipe-1928201,,,,,,,,dessert
1294,201,,49.0,"{'@type': 'NutritionInformation', 'servingSize': '1 of 6 servings', 'calories': '1294', 'fatContent': '49g', 'saturatedFatContent': '30g', 'carbohydrateContent': '201g', 'fiberContent': '3g', 'sugarContent': '123g', 'proteinContent': '14g', 'cholesterolContent': '215mg', 'sodiumContent': '197mg'}",14,5.0,1.0,foodnetwork,Christmas Tree Cookie Forest,https://www.foodnetwork.com/recipes/food-network-kitchen/christmas-tree-cookie-forest-4480444,,,,,,,,dessert
321,42,,17.0,"{'@type': 'NutritionInformation', 'servingSize': '1 of 16 servings', 'calories': '321', 'fatContent': '17g', 'saturatedFatContent': '7g', 'carbohydrateContent': '42g', 'fiberContent': '1g', 'sugarContent': '22g', 'proteinContent': '3g', 'cholesterolContent': '33mg', 'sodiumContent': '339mg'}",3,5.0,3.0,foodnetwork,Eggnog Dump Cake,https://www.foodnetwork.com/recipes/food-network-kitchen/eggnog-dump-cake-9371586,,,,,,,,dessert
283,29,,17.0,"{'@type': 'NutritionInformation', 'servingSize': '1 of 16 servings', 'calories': '283', 'fatContent': '17g', 'saturatedFatContent': '7g', 'carbohydrateContent': '29g', 'fiberContent': '1g', 'sugarContent': '18g', 'proteinContent': '5g', 'cholesterolContent': '35mg', 'sodiumContent': '121mg'}",5,5.0,4.0,foodnetwork,Peanut Butter Skillet Cookie,https://www.foodnetwork.com/recipes/food-network-kitchen/peanut-butter-skillet-cookie-3542665,,,,,,,,dessert
1325,207,,52.0,"{'@type': 'NutritionInformation', 'servingSize': '1 of 6 servings', 'calories': '1325', 'fatContent': '52g', 'saturatedFatContent': '24g', 'carbohydrateContent': '207g', 'fiberContent': '3g', 'sugarContent': '140g', 'proteinContent': '10g', 'cholesterolContent': '114mg', 'sodiumContent': '654mg'}",10,5.0,1.0,foodnetwork,Campfire Skillet Cookie,https://www.foodnetwork.com/recipes/food-network-kitchen/campfire-skillet-cookie-5259394,,,,,,,,dessert
293,52,,8.0,"{'@type': 'NutritionInformation', 'servingSize': '1 of 12 servings', 'calories': '293', 'fatContent': '8g', 'saturatedFatContent': '5g', 'carbohydrateContent': '52g', 'fiberContent': '1g', 'sugarContent': '34g', 'proteinContent': '3g', 'cholesterolContent': '36mg', 'sodiumContent': '177mg'}",3,5.0,1.0,foodnetwork,Chewy Ginger Molasses Skillet Cookie,https://www.foodnetwork.com/recipes/food-network-kitchen/chewy-ginger-molasses-skillet-cookie-3542654,,,,,,,,dessert
620,42,,41.0,"{'@type': 'NutritionInformation', 'calories': '620', 'fatContent': '41 grams', 'saturatedFatContent': '13 grams', 'cholesterolContent': '74 milligrams', 'sodiumContent': '1364 milligrams', 'carbohydrateContent': '42 grams', 'fiberContent': '4 grams', 'proteinContent': '22 grams', 'sugarContent': '4 grams'}",22,5.0,2.0,foodnetwork,Skillet Pierogi with Sausage and Broccoli,https://www.foodnetwork.com/recipes/food-network-kitchen/skillet-pierogi-with-sausage-and-broccoli-11778629,,,,,,,,main-dish
286,37,,14.0,"{'@type': 'NutritionInformation', 'servingSize': '1 of 12 servings', 'calories': '286', 'fatContent': '14g', 'saturatedFatContent': '8g', 'carbohydrateContent': '37g', 'fiberContent': '1g', 'sugarContent': '23g', 'proteinContent': '3g', 'cholesterolContent': '30mg', 'sodiumContent': '99mg'}",3,4.5,57.0,foodnetwork,How to Make Snowball Cookies | Almond Snowball Cookies,https://www.foodnetwork.com/recipes/food-network-kitchen/almond-snowball-cookies-recipe-1928153,,,,,,,,dessert
156,21,,8.0,"{'@type': 'NutritionInformation', 'servingSize': '1 of 42 servings', 'calories': '156', 'fatContent': '8g', 'saturatedFatContent': '5g', 'carbohydrateContent': '21g', 'fiberContent': '1g', 'sugarContent': '13g', 'proteinContent': '2g', 'cholesterolContent': '23mg', 'sodiumContent': '82mg'}",2,4.3,239.0,foodnetwork,The Best Chewy Chocolate Chip Cookies,https://www.foodnetwork.com/recipes/food-network-kitchen/the-best-chewy-chocolate-chip-cookies-7265021,,,,,,,,dessert
300,39,,16.0,"{'@type': 'NutritionInformation', 'servingSize': '1 of 16 servings', 'calories': '300', 'fatContent': '16g', 'saturatedFatContent': '8g', 'carbohydrateContent': '39g', 'fiberContent': '2g', 'sugarContent': '28g', 'proteinContent': '3g', 'cholesterolContent': '39mg', 'sodiumContent': '156mg'}",3,4.2,126.0,foodnetwork,Best Chocolate Chip Cookies,https://www.foodnetwork.com/recipes/food-network-kitchen/the-best-crispy-chocolate-chip-cookies-7194813,,,,,,,,dessert
303,21,,23.0,"{'@type': 'NutritionInformation', 'servingSize': '1 of 26 servings', 'calories': '303', 'fatContent': '23g', 'saturatedFatContent': '11g', 'carbohydrateContent': '21g', 'fiberContent': '1g', 'sugarContent': '18g', 'proteinContent': '5g', 'cholesterolContent': '100mg', 'sodiumContent': '179mg'}",5,4.5,25.0,foodnetwork,Best Pecan Pie Cheesecake,https://www.foodnetwork.com/recipes/food-network-kitchen/pecan-pie-cheesecake-3363869,,,,,,,,dessert
303,46,,12.0,"{'@type': 'NutritionInformation', 'servingSize': '1 of 16 servings', 'calories': '303', 'fatContent': '12g', 'saturatedFatContent': '7g', 'carbohydrateContent': '46g', 'fiberContent': '2g', 'sugarContent': '26g', 'proteinContent': '3g', 'cholesterolContent': '54mg', 'sodiumContent': '96mg'}",3,4.8,13.0,foodnetwork,Cranberry-Lemon Cookies,https://www.foodnetwork.com/recipes/food-network-kitchen/cranberry-lemon-cookies-11927618,,,,,,,,dessert
500,42,,21.0,"{'@type': 'NutritionInformation', 'calories': '500', 'fatContent': '21 grams', 'saturatedFatContent': '9 grams', 'cholesterolContent': '105 milligrams', 'sodiumContent': '756 milligrams', 'carbohydrateContent': '42 grams', 'fiberContent': '6 grams', 'proteinContent': '35 grams', 'sugarContent': '10 grams'}",35,5.0,3.0,foodnetwork,Fish Chowder with Root Vegetables,https://www.foodnetwork.com/recipes/food-network-kitchen/fish-chowder-with-root-vegetables-7530431,,,,,,,,main-dish
384,59,,14.0,"Nutrition (per serving): 384 calories, 5 g protein, 59 g carbohydrates, 2 g fiber, 33 g sugar, 14 g fat, 8 g saturated fat, 425 mg sodium",5,4.8,10.0,delish,Pumpkin Bread,https://www.delish.com/cooking/recipe-ideas/a21581148/best-pumpkin-bread-recipe/,,,,,,,,dessert
671,58,,46.0,"Nutrition (per serving): 671 calories, 10 g protein, 58 g carbohydrates, 1 g fiber, 44 g sugar, 46 g fat, 25 g saturated fat, 505 mg sodium",10,4.8461537,13.0,delish,Best-Ever Pumpkin Cheesecake,https://www.delish.com/cooking/recipe-ideas/a55237/pumpkin-spice-cheesecake-recipe/,,,,,,,,"autumn,dinner party,feed a crowd,baking,dessert"
100,16,,4.0,"Nutrition (per serving): 100 calories, 2 g protein, 16 g carbohydrates, 1 g fiber, 9 g sugar, 4 g fat, 2 g saturated fat, 107 mg sodium",2,5.0,7.0,delish,Spiced Apple Pancakes,https://www.delish.com/cooking/recipe-ideas/a28186318/apple-pancakes-recipe/,,,,,,,,"brunch,breakfast,brunch,fruit"
